{
	"info": {
		"_postman_id": "3876d79f-e882-4ab5-84a7-a9237d568fd3",
		"name": "Workshop - Node / Express / TS",
		"schema": "https://schema.getpostman.com/json/collection/v2.1.0/collection.json",
		"_exporter_id": "26203921"
	},
	"item": [
		{
			"name": "Add task",
			"request": {
				"auth": {
					"type": "apikey",
					"apikey": [
						{
							"key": "value",
							"value": "COOg12EKKPMvzncffX.i",
							"type": "string"
						},
						{
							"key": "key",
							"value": "authorization",
							"type": "string"
						}
					]
				},
				"method": "POST",
				"header": [],
				"body": {
					"mode": "raw",
					"raw": "{\n    \"title\": \"Tarefa 1\"\n}",
					"options": {
						"raw": {
							"language": "json"
						}
					}
				},
				"url": {
					"raw": "{{HOST}}/task",
					"host": [
						"{{HOST}}"
					],
					"path": [
						"task"
					]
				}
			},
			"response": []
		},
		{
			"name": "Get all tasks",
			"request": {
				"auth": {
					"type": "apikey",
					"apikey": [
						{
							"key": "value",
							"value": "COOg12EKKPMvzncffX.i",
							"type": "string"
						},
						{
							"key": "key",
							"value": "authorization",
							"type": "string"
						}
					]
				},
				"method": "GET",
				"header": [],
				"url": {
					"raw": "{{HOST}}/task",
					"host": [
						"{{HOST}}"
					],
					"path": [
						"task"
					]
				}
			},
			"response": []
		},
		{
			"name": "Get task by Id",
			"request": {
				"auth": {
					"type": "apikey",
					"apikey": [
						{
							"key": "value",
							"value": "COOg12EKKPMvzncffX.i",
							"type": "string"
						},
						{
							"key": "key",
							"value": "authorization",
							"type": "string"
						}
					]
				},
				"method": "GET",
				"header": [],
				"url": {
					"raw": "{{HOST}}/task/1",
					"host": [
						"{{HOST}}"
					],
					"path": [
						"task",
						"1"
					]
				}
			},
			"response": []
		},
		{
			"name": "Delete task",
			"request": {
				"auth": {
					"type": "apikey",
					"apikey": [
						{
							"key": "value",
							"value": "COOg12EKKPMvzncffX.i",
							"type": "string"
						},
						{
							"key": "key",
							"value": "authorization",
							"type": "string"
						}
					]
				},
				"method": "DELETE",
				"header": [],
				"url": {
					"raw": "{{HOST}}/task/1",
					"host": [
						"{{HOST}}"
					],
					"path": [
						"task",
						"1"
					]
				}
			},
			"response": []
		},
		{
			"name": "Update task",
			"request": {
				"auth": {
					"type": "apikey",
					"apikey": [
						{
							"key": "value",
							"value": "COOg12EKKPMvzncffX.i",
							"type": "string"
						},
						{
							"key": "key",
							"value": "authorization",
							"type": "string"
						}
					]
				},
				"method": "PUT",
				"header": [],
				"body": {
					"mode": "raw",
					"raw": "{\n    \"title\": \"Tarefa editada 2\"\n}",
					"options": {
						"raw": {
							"language": "json"
						}
					}
				},
				"url": {
					"raw": "{{HOST}}/task/1",
					"host": [
						"{{HOST}}"
					],
					"path": [
						"task",
						"1"
					]
				}
			},
			"response": []
		},
		{
			"name": "Register",
			"request": {
				"method": "POST",
				"header": [],
				"body": {
					"mode": "raw",
					"raw": "{\n    \"name\": \"User1\",\n    \"email\": \"meuemail@email.com.br\",\n    \"password\": \"senha1234\"\n}",
					"options": {
						"raw": {
							"language": "json"
						}
					}
				},
				"url": {
					"raw": "{{HOST}}/auth/register",
					"host": [
						"{{HOST}}"
					],
					"path": [
						"auth",
						"register"
					]
				}
			},
			"response": []
		},
		{
			"name": "Login",
			"request": {
				"method": "POST",
				"header": [],
				"body": {
					"mode": "raw",
					"raw": "{\n    \"email\": \"meuemail@email.com.br\",\n    \"password\": \"senha1234\"\n}",
					"options": {
						"raw": {
							"language": "json"
						}
					}
				},
				"url": {
					"raw": "{{HOST}}/auth/login",
					"host": [
						"{{HOST}}"
					],
					"path": [
						"auth",
						"login"
					]
				}
			},
			"response": []
		},
		{
			"name": "Logout",
			"request": {
				"auth": {
					"type": "apikey",
					"apikey": [
						{
							"key": "value",
							"value": "0.ttcv6llkp4a",
							"type": "string"
						},
						{
							"key": "key",
							"value": "authorization",
							"type": "string"
						}
					]
				},
				"method": "POST",
				"header": [],
				"url": {
					"raw": "{{HOST}}/auth/logout",
					"host": [
						"{{HOST}}"
					],
					"path": [
						"auth",
						"logout"
					]
				}
			},
			"response": []
		},
		{
			"name": "Refresh",
			"request": {
				"auth": {
					"type": "apikey",
					"apikey": [
						{
							"key": "value",
							"value": "6HkJPLTxXY8bz5g9s4xy",
							"type": "string"
						},
						{
							"key": "key",
							"value": "authorization",
							"type": "string"
						}
					]
				},
				"method": "POST",
				"header": [],
				"url": {
					"raw": "{{HOST}}/auth/refresh",
					"host": [
						"{{HOST}}"
					],
					"path": [
						"auth",
						"refresh"
					]
				}
			},
			"response": []
		}
	],
	"event": [
		{
			"listen": "prerequest",
			"script": {
				"type": "text/javascript",
				"exec": [
					""
				]
			}
		},
		{
			"listen": "test",
			"script": {
				"type": "text/javascript",
				"exec": [
					""
				]
			}
		}
	],
	"variable": [
		{
			"key": "HOST",
			"value": "http://localhost:3001",
			"type": "string"
		}
	]
}